1576825181.80888,0,0,0,0,0,0,1,,,
1576825181.90888,-0.000127104111016,0.000390641856939,-0.000299891456962,0,0,0,1,,0.004107998483806,0
1576825182.88759,-0.000420570373535,0.000766714569181,-0.000599349848926,0,0,0,1,,0.004770252950637,0.000410799848381
1576825182.10888,-0.000260405591689,-0.00154433818534,-0.005096723325551,0,0,0,1,,0.023165961217969,0.000874488804783
1576825182.20888,0.001019491814077,-0.003076566848904,-0.002001120708883,0,0,0,1,,0.019964623829997,0.001566139043279
1576825182.30888,-0.001495491364039,-0.005564753897488,-0.00028183311224,0,0,0,1,,0.035378263347641,0.003241084252954
1576825182.40888,-0.004403804545291,-0.003935190383345,0.023246417753399,0,0,0,1,,0.033337310639682,0.005762202735025
1576825182.50888,-0.002795554639306,-0.007562609389424,0.00155508890748,0,0,0,1,,0.039679511597003,0.005905863004362
1576825182.60888,-0.005358162277844,-0.009193821810186,0.011158891953528,0,0,0,1,,0.030377313690877,0.008062765438629
1576825182.70888,-0.00317272200482,-0.00556179182604,0.014815345406532,0,0,0,1,,0.042388431196134,0.010641252862006
1576825182.80888,-0.004510987666436,-0.005317790433764,0.023385166190565,0,0,0,1,,0.013603277768584,0.006403100283149
1576825182.90888,-0.004202859243378,-0.010996746830642,0.017640072852373,0,0,0,1,,0.056873094590267,0.006973371123364
1576825183.88759,-0.005510289687663,-0.007872108370066,0.020665408112109,0,0,0,1,,0.03387143320847,0.011772530173114
1576825183.10888,-0.006360084982589,-0.004302455112338,0.034931788221002,0,0,0,1,,0.036694109096261,0.009609026102162
1576825183.20888,-0.00627668981906,-0.006483760662377,0.027959964238107,0,0,0,1,,0.021828991401185,0.007678658800822
1576825183.30888,-0.003000625525601,-0.00935954740271,0.020056025125086,0,0,0,1,,0.0435921399231,0.009024189016841
1576825183.40888,-0.004235580679961,-0.008631959091872,0.024320564232767,0,0,0,1,,0.014333523584054,0.009828778211378
1576825183.50888,-0.005342544522136,-0.009107302408665,0.025896136648953,0,0,0,1,,0.012047075233039,0.009615137100437
1576825183.60888,-0.001506258151494,-0.008158905431628,0.01738792937249,0,0,0,1,,0.039517780736816,0.010558680747797
1576825183.70888,-0.002562131150626,-0.006089273840189,0.027186188846827,0,0,0,1,,0.023234118693376,0.008296779583742
1576825183.80888,-0.00219182157889,-0.008542791940272,0.017120679840446,0,0,0,1,,0.024813061573198,0.00660634331032
1576825183.90888,-0.003482223139144,-0.00904919533059,0.026587998494506,0,0,0,1,,0.013862108715606,0.00881948841875
1576825184.88759,-0.002253376471344,-0.008393786847591,0.028021072968841,0,0,0,1,,0.01392703993155,0.009696072097606
1576825184.10888,-0.003352595376782,-0.010155634023249,0.026766440831125,0,0,0,1,,0.020766289202563,0.008690993220824
1576825184.20888,-0.002495071501471,-0.00901092775166,0.01974730193615,0,0,0,1,,0.014302795688058,0.010694708886856
1576825184.30888,-0.000661020516418,-0.01112762466073,0.025762042030692,0,0,0,1,,0.028007407628413,0.009349983996943
1576825184.40888,-0.002791762468405,-0.011877946555615,0.030856371857226,0,0,0,1,,0.022589918574224,0.011147240856518
1576825184.50888,-0.000731191714294,-0.010537682101131,0.008403049781919,0,0,0,1,,0.0245810102328,0.012201620878311
1576825184.60888,0.002805239288136,-0.008252468891442,0.002328621223569,0,0,0,1,,0.042105277161762,0.010563019709701
1576825184.70888,-0.002361334161833,-0.009550287388265,0.01801185682416,0,0,0,1,,0.053270830728105,0.008716226836649
1576825184.80888,0.001009551691823,-0.011935892980546,0.00890938192606,0,0,0,1,,0.041296471375042,0.009837880270785
1576825184.90888,0.00099371583201,-0.012421085033566,0.01286952663213,0,0,0,1,,0.004854504122666,0.011978511420936
1576825185.88759,-0.000615689612459,-0.009660625364631,0.023034607060254,0,0,0,1,,0.031953596774856,0.012460771427398
1576825185.10888,2.27647833526134E-05,-0.014276734087616,0.014099683612585,0,0,0,1,,0.046600519050702,0.00968022500434
1576825185.20888,0.001027645543218,-0.016443500760943,0.013540575280786,0,0,0,1,,0.02388443668623,0.014276752237252
1576825185.30888,0.000697303912602,-0.010004448704422,0.02585200406611,0,0,0,1,,0.06447520219395,0.016475581101667
1576825185.40888,0.003623480559327,-0.013332827016711,0.010565159842372,0,0,0,1,,0.044317730038389,0.010028720089121
1576825185.50888,-0.000751423765905,-0.012532240711153,0.034891080111265,0,0,0,1,,0.044475528425845,0.01381643541661
1576825185.60888,0.000389953958802,-0.006391030270606,0.011483225040138,0,0,0,1,,0.062463756519707,0.012554747903412
1576825185.70888,-0.000197389512323,-0.006349427625537,0.0138038713485,0,0,0,1,,0.005888150245618,0.00640291589901
1576825185.80888,0.001118777669035,-0.001938353292644,0.022714888677001,0,0,0,1,,0.046032459004044,0.006352495083942
1576825185.90888,0.003641215269454,-0.007869890425354,0.005411841906607,0,0,0,1,,0.064456050301525,0.002238052045828
1576825186.88759,0.003857685369439,-0.00880267797038,0.003900837153196,0,0,0,1,,0.009575760587766,0.008671425715855
1576825186.10888,0.002727146493271,-0.007742018438876,0.016320185735822,0,0,0,1,,0.015501989524891,0.009610872793862
1576825186.20888,-0.00014664628543,-0.006029496900737,0.026432815007866,0,0,0,1,,0.03345357223601,0.008208299306412
1576825186.30888,0.004026674258057,-0.007076367735863,0.011673619039357,0,0,0,1,,0.043026204694493,0.006031279964405
1576825186.40888,0.002292909950484,-0.004278395324945,0.029300079680979,0,0,0,1,,0.03291593578568,0.008141810972607
1576825186.50888,-0.000568970339373,-0.00676006404683,0.006739652715623,0,0,0,1,,0.037880124654821,0.004854081025029
1576825186.60888,-0.001099653251003,-0.005204197019339,0.023989925161004,0,0,0,1,,0.016438815528899,0.006783965887615
1576825186.70888,-0.000826656119898,-0.002913399599493,0.025526516139507,0,0,0,1,,0.023070067733679,0.005319107433446
1576825186.80888,9.02870669960976E-05,-0.003612916916609,0.016115128993988,0,0,0,1,,0.01153303639523,0.003028408421413
1576825186.90888,-0.00062888325192,-0.006226202938706,0.016746229492128,0,0,0,1,,0.027104371936825,0.003614044880848
1576825187.88759,0.000927497050725,-0.005702628754079,0.013962848111987,0,0,0,1,,0.016420869566711,0.006257882803193
1576825187.10888,0.001005480939057,-0.008957257028669,0.011138181202114,0,0,0,1,,0.032555624233915,0.00577756224423
1576825187.20888,0.000701183686033,-0.007653449196368,0.022351956926286,0,0,0,1,,0.013388471465281,0.009013514597339
1576825187.30888,0.001177399652079,-0.007953845430166,0.017040519043803,0,0,0,1,,0.005630448859518,0.007685502141237
1576825187.40888,-0.000313871598337,-0.008251368999481,0.021352743729949,0,0,0,1,,0.015206611116927,0.008040517835791
1576825187.50888,0.000594163429923,-0.00723317079246,0.021134537644684,0,0,0,1,,0.013642782712218,0.008257336480115
1576825187.60888,8.71525844559073E-06,-0.009264129213989,0.026079974137247,0,0,0,1,,0.021136559964818,0.007257533320238
1576825187.70888,-0.000329930859152,-0.00977909937501,0.023867593146861,0,0,0,1,,0.006163403765013,0.009264133313441
1576825187.80888,-0.000113554648124,-0.007900187280029,0.013581872917712,0,0,0,1,,0.018913300413632,0.00978466345656
1576825187.90888,-0.003689498116728,-0.007446431554854,0.029271327890456,0,0,0,1,,0.036046173096159,0.007901003336137
1576825188.88759,-0.001347314566374,-0.010034680832177,0.020847788080573,0,0,0,1,,0.0349068161039,0.008310339298396
1576825188.10888,-0.004164856509306,-0.007509942632169,0.023493262007833,0,0,0,1,,0.037832321603047,0.010124725968856
1576825188.20888,-0.004729055101052,-0.007362444885075,0.035663572140038,0,0,0,1,,0.005831600434926,0.008587506511297
1576825188.30888,-0.005066291661933,-0.008287477307022,0.031035889871419,0,0,0,1,,0.009845879745595,0.008750403238397
1576825188.40888,-0.003302676021121,-0.01109681557864,0.025111936032772,0,0,0,1,,0.033170350695904,0.009713371779056
1576825188.50888,-0.00390552112367,-0.008733388967812,0.031924512237311,0,0,0,1,,0.024390997442569,0.011577866162935
1576825188.60888,-0.003124056966044,-0.011766007635743,0.028165044263005,0,0,0,1,,0.031316868002299,0.009566879225251
1576825188.70888,-0.002650790265761,-0.008319574408233,0.016490325331688,0,0,0,1,,0.034787761298015,0.012173687510834
1576825188.80888,-0.001861776050646,-0.006291903089732,0.016726151108742,0,0,0,1,,0.021757744385682,0.008731666929469
1576825188.90888,-0.004591902194079,-0.009162475820631,0.015766128897667,0,0,0,1,,0.039615371464164,0.006561574091126
1576825189.88759,-0.0029111468466,-0.008769814390689,0.016994759440422,0,0,0,1,,0.017260131913295,0.010248733039924
1576825189.10888,-0.005129907513037,-0.007468965370208,0.011820044368506,0,0,0,1,,0.025719850444776,0.009240369062413
1576825189.20888,-0.005768152186647,-0.005713737569749,0.023137130774558,0,0,0,1,,0.018676672334477,0.009060981999413
1576825189.30888,-0.003464771609288,-0.006352372001857,0.016079208813608,0,0,0,1,,0.023902753025602,0.008119013281445
1576825189.40888,-0.003327839018311,-0.008044466376305,0.008070624433458,0,0,0,1,,0.016976259618981,0.007235832526703
1576825189.50888,-0.004551277670544,-0.010009256657213,0.011403053998947,0,0,0,1,,0.023145632382218,0.008705627594338
1576825189.60888,-0.006941694999114,-0.009601741097867,0.018659465014935,0,0,0,1,,0.024249049333606,0.010995423923813
1576825189.70888,-0.002418812073302,-0.009088474325836,0.011283243075013,0,0,0,1,,0.045519130857119,0.011848230313899
1576825189.80888,0.001255507289898,-0.00695335958153,0.013077963143587,0,0,0,1,,0.042496279547899,0.009404840105888
1576825189.90888,0.001199953141622,-0.00755079742521,0.00290674623102,0,0,0,1,,0.006000152001842,0.007065798470452
1576825190.88759,0.001425317896064,-0.00750411208719,0.005511179566383,0,0,0,1,,0.002301495021303,0.007645549640062
1576825190.10888,0.003055164008401,-0.008149878587574,0.001610800623894,0,0,0,1,,0.017531151482198,0.007638273975314
1576825190.20888,0.004341852269135,-0.006555679254234,0.002620365470648,0,0,0,1,,0.020486674192588,0.00870370887096
1576825190.30888,0.001841635094024,-0.009455340448767,-0.010763236321509,0,0,0,1,,0.038287231508431,0.007863117168871
1576825190.40888,0.002307938062586,-0.008153625298291,-0.001118218526244,0,0,0,1,,0.013827150073196,0.009633020441255
1576825190.50888,0.003851321293041,-0.008185974787921,-0.003837293945253,0,0,0,1,,0.015437222177353,0.008473970946709
1576825190.60888,0.003782075073104,-0.009446825832129,-0.014810243621469,0,0,0,1,,0.012627511214232,0.009046704313213
1576825190.70888,-0.001957304077223,-0.003782773390412,0.007159975357354,0,0,0,1,,0.080636197265076,0.010175785481287
1576825190.80888,-0.002294947509654,-0.004587404895574,8.37063416838646E-05,0,0,0,1,,0.008726023988978,0.004259156462719
1576825190.90888,0.000616379547864,-0.005567592568696,-0.01227449439466,0,0,0,1,,0.030719038250532,0.005129431522888
1576825191.88759,0.000691733031999,-0.003154134843498,-0.00203722063452,0,0,0,1,,0.024146337898085,0.005601607872568
1576825191.10888,-0.001355585292913,-0.003982005175203,-0.012396124191582,0,0,0,1,,0.022083662761505,0.003229096034269
1576825191.20888,-0.001501928665675,-0.006040052045137,-0.005757455714047,0,0,0,1,,0.020632433936875,0.004206420889748
1576825191.30888,-0.000445491052233,-0.000244206283242,-0.000840644352138,0,0,0,1,,0.058913401299513,0.006223987341306
1576825191.40888,-0.001319884555414,-0.002351377625018,-0.005826405249536,0,0,0,1,,0.022813888449828,0.00050803443426
1576825191.50888,0.000739242415875,-0.0086759198457,-0.013034626841545,0,0,0,1,,0.066513034951865,0.002696492531986
1576825191.60888,-0.001229272224009,-0.011415176093578,-0.010409942828119,0,0,0,1,,0.033732142948496,0.008707356919206
1576825191.70888,-0.001295659458265,-0.003805831074715,-0.000701511278749,0,0,0,1,,0.076096346089006,0.01148117395775
1576825191.80888,-0.000801204878371,-0.004102615639567,-0.004473465494812,0,0,0,1,,0.005766857112089,0.00402033376737
1576825191.90888,0.002748195198365,-0.003737419378012,-0.017260927706957,0,0,0,1,,0.03568138059855,0.004180117742737
1576825192.88759,0.001399791974109,-0.006236853543669,-0.023563189432025,0,0,0,1,,0.02839958169346,0.004639060298752
1576825192.10888,0.002088743203785,-0.007969055790454,-0.022461164742708,0,0,0,1,,0.018641830437595,0.006392007485599
1576825192.20888,-0.000443273573183,-0.006851601880044,-0.004960160702467,0,0,0,1,,0.027676365730959,0.008238246073208
1576825192.30888,0.001059027737938,-0.005231417715549,-0.009845799766481,0,0,0,1,,0.022095035542565,0.006865925996055
1576825192.40888,0.004634329874534,-0.011830134317279,-0.024067838676274,0,0,0,1,,0.075050547071883,0.005337534174531
1576825192.50888,0.00234798155725,-0.002404146827757,-0.011773359030485,0,0,0,1,,0.096993107373959,0.012705474857354
1576825192.60888,0.003457920858637,-0.002929368987679,-0.021436231210828,0,0,0,1,,0.012279346766158,0.003360496892217
1576825192.70888,0.000295455683954,0.000702909193933,0.012025775387883,0,0,0,1,,0.048160804363816,0.004531933288407
1576825192.80888,0.000583312124945,-4.987558349967E-05,0.008542301133275,0,0,0,1,,0.008059443229867,0.000762479767664
1576825192.90888,0.000389981083572,0.003639576490968,0.016304285265505,0,0,0,1,,0.036945139736311,0.000585440525534
1576825193.88759,0.001573821529746,-0.000624213833362,0.003515881486237,0,0,0,1,,0.044250860027632,0.003660410124447
1576825193.10888,0.001734525896609,0.001235026400536,0.002607174217701,0,0,0,1,,0.018661725913952,0.001693090994971
1576825193.20888,0.002903332700953,0.002108997199684,0.000185184180737,0,0,0,1,,0.014594294445586,0.002129288683112
1576825193.30888,0.002383797196671,0.003777635749429,0.003560940735042,0,0,0,1,,0.01747647490172,0.003588482960904
1576825193.40888,0.003065936092753,0.002812738064677,0.000757147558033,0,0,0,1,,0.011816687419023,0.004466880447273
1576825193.50888,0.001920209964737,0.002328849863261,-0.001715033315122,0,0,0,1,,0.012437186787562,0.004160704212669
1576825193.60888,0.002970861329231,0.002597870305181,-0.002603763714433,0,0,0,1,,0.010845461206809,0.003018401562796
1576825193.70888,0.001526751555502,0.003843872342259,0.007237571291626,0,0,0,1,,0.019073474028038,0.003946510757626
1576825193.80888,0.000305030378513,-0.005476555787027,-0.005892114713788,0,0,0,1,,0.094001586767183,0.004135979315206
1576825193.90888,-0.002102727361489,-0.004471654072404,0.002563112415373,0,0,0,1,,0.026090467206611,0.00548504392145
1576825194.88759,-0.002869911841117,-0.001978864893317,0.004997351206839,0,0,0,1,,0.026081736746531,0.004941371520135
1576825194.10888,-0.001189850387163,5.52479177713394E-05,0.014376995153725,0,0,0,1,,0.026382231553253,0.003486014951458
1576825194.20888,-0.001151141885202,-0.005871061235666,-0.000585592351854,0,0,0,1,,0.059264355670371,0.001191132350434
1576825194.30888,0.001124947913922,-0.001509260386229,-0.003890200518072,0,0,0,1,,0.049199483151589,0.005982849460985
1576825194.40888,-0.000764381024055,-0.013633177150041,-0.007807958871126,0,0,0,1,,0.122702453737376,0.001882385380967
1576825194.50888,-0.000726544763893,-0.008014430291951,0.004021647386253,0,0,0,1,,0.056188742500506,0.013654588882655
1576825194.60888,0.000253991805948,-0.009511158335954,-0.000507364049554,0,0,0,1,,0.017893146180875,0.008047295210099
1576825194.70888,0.004379141726531,-0.012650817632675,-0.020236058160663,0,0,0,1,,0.051840449811679,0.009514549108028
1576825194.80888,0.001434386533219,-0.013542729429901,-0.005663244053721,0,0,0,1,,0.030768636308043,0.013387310000006
1576825194.90888,0.000950328074396,-0.013296324294061,-0.011096075177193,0,0,0,1,,0.005431648760065,0.013618479545756
1576825195.88759,0.004367439774796,-0.014679783489555,-0.024144810624421,0,0,0,1,,0.036865446855578,0.013330242427721
1576825195.10888,0.001093645812944,-0.012771385721862,-0.008875126950443,0,0,0,1,,0.037894206607869,0.015315696963791
1576825195.20888,0.001999790780246,-0.012636299710721,-0.007253963500261,0,0,0,1,,0.009161587920083,0.012818126010488
1576825195.30888,0.001690270146355,-0.01235656440258,-0.005902584642172,0,0,0,1,,0.004171988320033,0.012793562191349
1576825195.40888,0.000150872860104,-0.015226790681481,-0.009650343097746,0,0,0,1,,0.032569837115055,0.012471635698768
1576825195.50888,-0.000192165607587,-0.013624911662191,-0.001472762785852,0,0,0,1,,0.016381977239508,0.015227538116109
1576825195.60888,0.001746774301864,-0.017970042303205,-0.00451603718102,0,0,0,1,,0.047581139393602,0.013626266745637
1576825195.70888,0.002015372156166,-0.017118609976024,0.000276422128081,0,0,0,1,,0.008927943856814,0.018054740121104
1576825195.80888,-0.002571962948423,-0.008866796735674,0.011343003250659,0,0,0,1,,0.094411898146046,0.017236836497428
1576825195.90888,0.001079086214304,-0.013999315910041,-0.007277946919203,0,0,0,1,,0.062986437479743,0.009232284536333
1576825196.88759,9.46092186495662E-05,-0.010602553840727,0.000905316323042,0,0,0,1,,0.035365502273413,0.014040843030496
1576825196.10888,0.001614369568415,-0.016290404368192,-0.01339611876756,0,0,0,1,,0.05887386104504,0.010602975943091
1576825196.20888,0.00093307136558,-0.016285598278046,-0.014212034642696,0,0,0,1,,0.00681315154454,0.016370200474723
1576825196.30888,0.002167624421418,-0.016804250422865,-0.008319422602654,0,0,0,1,,0.013390747906686,0.016312306196463
1576825196.40888,-0.000567824055906,-0.014167704153806,0.005103644914925,0,0,0,1,,0.037992176301161,0.016943477444335
1576825196.50888,-0.000566874805372,-0.017199599184096,-0.00554552860558,0,0,0,1,,0.030318951788895,0.014179078430852
1576825196.60888,0.004881819477305,-0.020048738922924,-0.023654963821173,0,0,0,1,,0.061486475453913,0.017208938350128
1576825196.70888,0.002861317829229,-0.013401560951024,-0.021686356514692,0,0,0,1,,0.069474744979729,0.020634536433091
1576825196.80888,0.005137721658684,-0.0129344179295,-0.026665800251067,0,0,0,1,,0.023238410008685,0.013703611773685
1576825196.90888,0.005115106527228,-0.014858071692288,-0.023359547369182,0,0,0,1,,0.019237866938041,0.013917447719215
1576825197.88759,0.003485871828161,-0.014790980610997,-0.012599230743945,0,0,0,1,,0.016306155027571,0.015713898599586
1576825197.10888,0.00258027005475,-0.017018990125507,-0.020765203982592,0,0,0,1,,0.024050241098075,0.015196197216318
1576825197.20888,0.005351237778086,-0.018863718025386,-0.024972536601126,0,0,0,1,,0.033288561321215,0.01721347781384
1576825197.30888,0.002175475354306,-0.020558667834848,-0.023398639634252,0,0,0,1,,0.035997669131329,0.019608049456764
1576825197.40888,-0.000364385719877,-0.018093686085194,-0.009420046582818,0,0,0,1,,0.035393543623488,0.020673449546721
1576825197.50888,0.003712280653417,-0.022801827639341,-0.026837192475796,0,0,0,1,,0.062278251109862,0.018097354864797
1576825197.60888,0.000733184511773,-0.020244637038559,-0.013537384569645,0,0,0,1,,0.039260969919104,0.023102042579477
1576825197.70888,0.000516186235473,-0.014547317754477,-0.014493877999485,0,0,0,1,,0.057014502783664,0.020257909278879
1576825197.80888,-0.00010749604553,-0.016948786564171,-0.017229115590453,0,0,0,1,,0.024811352304076,0.014556472858472
1576825197.90888,-0.000898702885024,-0.015195725951344,-0.016233717091382,0,0,0,1,,0.0192333818532,0.016949127452398
1576825198.88759,-0.001007832353935,-0.015752725768834,-0.007858975790441,0,0,0,1,,0.005675896736809,0.015222278215297
1576825198.10888,0.001566000923049,-0.014999644365162,-0.01050163526088,0,0,0,1,,0.026817437122634,0.01578493253713
1576825198.20888,0.002150766085833,-0.018943963572383,-0.027213199064136,0,0,0,1,,0.039874307898773,0.015081170046529
1576825198.30888,-0.002093913033605,-0.017331260256469,-0.015201703645289,0,0,0,1,,0.045407172134093,0.019065664179035
1576825198.40888,0.000328036141582,-0.018852310720831,-0.019784050993621,0,0,0,1,,0.028599706855704,0.017457292283449
1576825198.50888,-0.002220656839199,-0.004073888994753,0.017425081692636,0,0,0,1,,0.149965857655698,0.018855164470907
1576825198.60888,-0.002847767027561,-0.00189267238602,0.025752910412848,0,0,0,1,,0.022695755291594,0.004639815550111
1576825198.70888,-0.002697323448956,-0.001319314818829,0.02581662684679,0,0,0,1,,0.005927665393717,0.003419354588817
1576825198.80888,-0.001008197432384,-0.002489233855158,0.014842642471194,0,0,0,1,,0.02054715856615,0.003002689690839
1576825198.90888,-0.006328194460366,-0.000641655176878,0.039296748116613,0,0,0,1,,0.056316884990359,0.00268565583207
1576825199.88759,-0.003892888082191,-0.00447125826031,0.018999950960279,0,0,0,1,,0.045383451755246,0.006360641987584
1576825199.10888,-0.002608837094158,-0.001788296271116,0.028276148252189,0,0,0,1,,0.029744027930545,0.005928467597184
1576825199.20888,-0.00172994856257,-0.000385612249374,0.019307283684611,0,0,0,1,,0.016552847234856,0.003162915512172
1576825199.30888,-0.002129990665708,-0.001308439299464,0.018519903533161,0,0,0,1,,0.010058048760373,0.001772404817192
1576825199.40888,-0.001361262518913,-0.002848381176591,0.010148078203201,0,0,0,1,,0.017211519249049,0.002499774717126
1576825199.50888,0.004645956913009,-0.008988352492452,-0.018680579960346,0,0,0,1,,0.085898738676917,0.003156946463365
1576825199.60888,0.005460802349262,-0.010038438718766,-0.02703564427793,0,0,0,1,,0.013291554339793,0.010118072749595
1576825199.70888,0.006198749411851,-0.005348525475711,-0.0155169647187,0,0,0,1,,0.047476154114008,0.011427625046707
1576825199.80888,0.010329717653804,-0.008050868287683,-0.034725674428046,0,0,0,1,,0.049363504018085,0.008187259555874
1576825199.90888,0.017461497394834,-0.005217356607318,-0.038844121620059,0,0,0,1,,0.076740517796879,0.013096547140102
1576825200.88759,0.019361309008673,0.001036019064486,-0.021181656979025,0,0,0,1,,0.065355941933988,0.018224288771793
1576825200.10888,0.028600040706806,0.000134780537337,-0.046426794491708,0,0,0,1,,0.092825855381411,0.019389007762939
1576825200.20888,0.044294035877101,0.000270671211183,-0.062021542340517,0,0,0,1,,0.156945834822237,0.028600358288389
1576825200.30888,0.052716059028171,0.010368841234595,-0.05118009634316,0,0,0,1,,0.131492779945853,0.044294862875806
1576825200.40888,0.063894295017235,0.015693940687925,-0.040507794357836,0,0,0,1,,0.123818271678723,0.05372611793169
1576825200.50888,0.080064081703313,0.02235699351877,-0.041013420559466,0,0,0,1,,0.174888042615809,0.06579347011722
1576825200.60888,0.086526196799241,0.037364116404206,0.005483043380082,0,0,0,1,,0.163392982961814,0.083126965168909
1576825200.70888,0.10846975777531,0.038248592056334,-0.018992955796421,0,0,0,1,,0.219613789523719,0.094248925337152
1576825200.80888,0.130984267801978,0.047873102128506,-0.026475986465812,0,0,0,1,,0.244853906619893,0.115015838675055
1576825200.90888,0.155621861573309,0.059273003134877,-0.025089710019529,0,0,0,1,,0.271471687252314,0.139458640173446
1576825201.88759,0.183199119754136,0.068700131960213,-0.029092719778419,0,0,0,1,,0.29144054739543,0.166527633443129
1576825201.10888,0.208226657705381,0.078526614699513,-0.022810061462224,0,0,0,1,,0.268874955867371,0.195656907902688
1576825201.20888,0.238488519447856,0.096481354441494,-0.012542404234409,0,0,0,1,,0.351873976776188,0.222541614524834
1576825201.30888,0.273854017839767,0.107457247562706,-0.038932836614549,0,0,0,1,,0.370295653001297,0.257265282662265
1576825201.40888,0.308249956462532,0.121564320288599,-0.046240243129432,0,0,0,1,,0.371764723263873,0.294182057815796
1576825201.50888,0.345888043288141,0.139293533284217,-0.044415683485568,0,0,0,1,,0.416046941262174,0.331354673463921
1576825201.60888,0.379299717198592,0.152861682232469,-0.020098593086004,0,0,0,1,,0.360615393373635,0.372882323132246
1576825201.70888,0.423479571356438,0.167329107411206,-0.015425896272063,0,0,0,1,,0.464883415999207,0.408943723954619
1576825201.80888,0.476692060590722,0.192969390191138,-0.00937332957983,0,0,0,1,,0.590676993926767,0.455339409169977
1576825201.90888,0.52644114481518,0.212351160123944,-0.017866932787001,0,0,0,1,,0.533912388590163,0.51426890454408
1576825202.88759,0.586886860604864,0.230592387728393,-0.044866505078971,0,0,0,1,,0.631381575740412,0.567655964612636
1576825202.10888,0.657932410365902,0.260268409270793,-0.052082277834416,0,0,0,1,,0.769943919739169,0.630562476229687
1576825202.20888,0.721910117426887,0.281614061444998,-0.051525037735701,0,0,0,1,,0.674446726400489,0.707541307256498
1576825202.30888,0.798673663754016,0.317057187203318,-0.051270320080221,0,0,0,1,,0.845509148870512,0.774893990973507
1576825202.40888,0.880766050890088,0.352707678452134,-0.041852439753711,0,0,0,1,,0.894992600638722,0.859304882525139
1576825202.50888,0.964538271073252,0.384692237246782,-0.060707708820701,0,0,0,1,,0.896704905512664,0.948763164778026
1576825202.60888,1.06105183303589,0.42753124050796,-0.043993536382914,0,0,0,1,,1.05593786953245,1.03842293588061
1576825202.70888,1.15982946485747,0.471720862668008,-0.027111650444567,0,0,0,1,,1.08211567103183,1.14394665697274
1576825202.80888,1.26575953001156,0.512845685705543,-0.030037107877433,0,0,0,1,,1.13632872767611,1.25208823963322
1576825202.90888,1.38073983666254,0.56434600520879,-0.009204647503793,0,0,0,1,,1.25987117700539,1.36570783301623
1576825203.88759,1.50146992667578,0.601651789620519,-0.018433229997754,0,0,0,1,,1.263624793409,1.49161955945275
1576825203.10888,1.62925132259261,0.662023801822215,-0.030463352799416,0,0,0,1,,1.41325386961206,1.61752799563573
1576825203.20888,1.7676683437312,0.706807470880449,-0.041082284413278,0,0,0,1,,1.45481437837269,1.75861746447285
1576825203.30888,1.90992032148642,0.761881964746863,-0.040594517253339,0,0,0,1,,1.52541224099959,1.90374057432252
1576825203.40888,2.06071004719706,0.821652961429209,-0.028353977948427,0,0,0,1,,1.62203925428118,2.05627327041747
1576825203.50888,2.21500471461331,0.879228410776704,-0.008422582410276,0,0,0,1,,1.646869052495,2.21847683955553
1576825203.60888,2.38329239713494,0.944464672822505,-0.029026547446847,0,0,0,1,,1.80489650601376,2.38312578016271
1576825203.70888,2.54865756176878,1.01348332827911,0.008897650055587,0,0,0,1,,1.79190436339148,2.56360998758604
1576825203.80888,2.73761787742842,1.07021573698148,-0.028857103548944,0,0,0,1,,1.9729309945197,2.74277301719644
1576825203.90888,2.92394651158247,1.13423530198634,-0.031827596947551,0,0,0,1,,1.97019959925702,2.939372954645
1576825204.88759,3.11965640832204,1.19732588715851,-0.022799824364483,0,0,0,1,,2.05627784161533,3.13623228139552
1576825204.10888,3.32752884109505,1.27065535960719,-0.029386606998742,0,0,0,1,,2.20427221178708,3.34153338843782
1576825204.20888,3.52983827027492,1.34784126281738,-0.005325716920197,0,0,0,1,,2.16533528095445,3.5618833825966
1576825204.30888,3.75108679919504,1.41379960160703,-0.023489098995924,0,0,0,1,,2.30870989960202,3.77841690183212
1576825204.40888,3.97452524502296,1.48951088823378,-0.008035107515752,0,0,0,1,,2.3591722700277,4.00867577743567
1576825204.50888,4.19749626959674,1.55837488546968,-0.002166987396777,0,0,0,1,,2.33363081730567,4.24446623375564
1576825204.60888,4.43386945745442,1.6257689120248,-0.024511274881661,0,0,0,1,,2.45793081174621,4.47744427290181
1576825204.70888,4.66435915417969,1.69838786963373,-0.009134668856859,0,0,0,1,,2.41658877967924,4.722533527785
1576825204.80888,4.90058843861334,1.77123537752777,-0.00178583431989,0,0,0,1,,2.4720646073759,4.96394678405187
1576825204.90888,5.14007420738926,1.837805329822,-0.008382541127503,0,0,0,1,,2.48565870534654,5.21085806823374
1576825205.88759,5.37042108242167,1.90592090878636,-0.014016168192029,0,0,0,1,,2.40207025157147,5.45874447907122
1576825205.10888,5.60824973334093,1.96957228099927,-0.020970359444618,0,0,0,1,,2.46199034081493,5.69859255545334
1576825205.20888,5.85110289265867,2.03787662321702,-0.013789069838822,0,0,0,1,,2.52275920682907,5.94404576375378
1576825205.30888,6.0907446895144,2.10527960769832,-0.015981555916369,0,0,0,1,,2.4894046098862,6.19583296998338
1576825205.40888,6.32880233053584,2.16897444194183,-0.032631150446832,0,0,0,1,,2.46431475988765,6.4443287547609
1576825205.50888,6.56402918306412,2.24096919083968,-0.021950783208013,0,0,0,1,,2.45997796777185,6.69015613186962
1576825205.60888,6.8001427204581,2.29967029113322,-0.012212420813739,0,0,0,1,,2.43301092715114,6.93602350272908
1576825205.70888,7.03532784979325,2.3651264035143,-0.028162323869765,0,0,0,1,,2.44124041643658,7.17846950725014
1576825205.80888,7.27046158909798,2.43396916752681,-0.035613032989204,0,0,0,1,,2.4500449284923,7.42224095935163
1576825205.90888,7.50898421485908,2.49801423680037,-0.042473952285946,0,0,0,1,,2.46971281525254,7.66706055975954
1576825206.88759,7.73661292623729,2.56319031538442,-0.019648833200336,0,0,0,1,,2.36775740867377,7.91359078208244
1576825206.10888,7.97696651832666,2.62255316693336,-0.028549615293741,0,0,0,1,,2.47575841661274,8.15016099002359
1576825206.20888,8.21160284656798,2.67917343880981,-0.058559483848512,0,0,0,1,,2.41371211452263,8.39701017909927
1576825206.30888,8.44163253251463,2.74155825097114,-0.049802669323981,0,0,0,1,,2.38339088705814,8.63761492687579
1576825206.40888,8.66204027435742,2.79973608301952,-0.030839838087559,0,0,0,1,,2.27956646768828,8.87565780421245
1576825206.50888,8.89069670275785,2.85800116648898,-0.045212992466986,0,0,0,1,,2.35963094996954,9.10326665813715
1576825206.60888,9.11292851821054,2.92324837902561,-0.038826896809042,0,0,0,1,,2.316121295252,9.33877178905672
1576825206.70888,9.32621808507247,2.99169806903228,-0.018483600579202,0,0,0,1,,2.24004016468811,9.57031071927609
1576825206.80888,9.54972963506589,3.05382236419246,-0.040330536663532,0,0,0,1,,2.31984570671434,9.79431473389457
1576825206.90888,9.76541218435159,3.11210823478177,-0.033944177441299,0,0,0,1,,2.23419347364399,10.0261242329675
1576825207.88759,9.98435711080674,3.1736255325377,-0.038777677342296,0,0,0,1,,2.27423083137229,10.2493166989453
1576825207.10888,10.1908830842585,3.23486435273662,-0.017325951717794,0,0,0,1,,2.15413952216574,10.4766066040914
1576825207.20888,10.4055771025014,3.29594462038949,-0.018788104876876,0,0,0,1,,2.23213620923594,10.6919804254232
1576825207.30888,10.617192163947,3.35329280141741,-0.031191521324217,0,0,0,1,,2.19248142746629,10.9150944007267
1576825207.40888,10.8242862895713,3.41043068468571,-0.019440975040197,0,0,0,1,,2.14831828583355,11.1341520583391
1576825207.50888,11.0275470524211,3.47009913995862,-0.016461033374071,0,0,0,1,,2.11837820676448,11.3488418410712
1576825207.60888,11.2326759014395,3.53403018321842,-0.016276921145618,0,0,0,1,,2.14860473312067,11.560639343674
1576825207.70888,11.4378296500072,3.59679873799905,-0.019815286621451,0,0,0,1,,2.1454125948316,11.7754990230851
1576825207.80888,11.6414419203647,3.6657625795342,-0.014794916845858,0,0,0,1,,2.14974342839889,11.9900337057181
1576825207.90888,11.8442708327202,3.72015588544309,-0.043179096654058,0,0,0,1,,2.09995712849101,12.2049574056913
1576825208.88759,12.0390530576115,3.7789745144546,0.005009043030441,0,0,0,1,,2.03469275942037,12.4147618330286
1576825208.10888,12.2400516499765,3.8426162218675,-0.022424018010497,0,0,0,1,,2.10833349010937,12.618218848351
1576825208.20888,12.4265404546168,3.9087061714381,-0.016990243457258,0,0,0,1,,1.97853369166136,12.8290515558498
1576825208.30888,12.6122699030675,3.96508740959689,0.005766570568085,0,0,0,1,,1.94098614209715,13.0267759482101
1576825208.40888,12.8069996823906,4.02402880880982,0.005075239576399,0,0,0,1,,2.03454603035663,13.2208649593575
1576825208.50888,13.004937460064,4.08082809485495,-0.021876448765397,0,0,0,1,,2.05926012746095,13.4243081281265
1576825208.60888,13.1859046195168,4.14212601305917,-0.005260980688035,0,0,0,1,,1.91066866768166,13.6301708089052
1576825208.70888,13.3838369889418,4.2045035706833,-0.046238414011896,0,0,0,1,,2.07528751167954,13.8211898381817
1576825208.80888,13.5685418091016,4.26312003750354,-0.035475538112223,0,0,0,1,,1.93782766965387,14.0287185025024
1576825208.90888,13.7545855732169,4.32352584879845,-0.041652641259134,0,0,0,1,,1.95604560796496,14.2225004580595
1576825209.88759,13.9363753995858,4.37889765016735,-0.060530915856361,0,0,0,1,,1.90035726530763,14.4180962701799
1576825209.10888,14.1142079902929,4.4339573145844,-0.037320187315345,0,0,0,1,,1.8616121229548,14.6081245856141
1576825209.20888,14.2979061834631,4.49705085111782,-0.044418232515454,0,0,0,1,,1.94231358246457,14.7942841888618
1576825209.30888,14.4783993167803,4.55129077797756,-0.028791775926948,0,0,0,1,,1.88466816284501,14.9884484716948
1576825209.40888,14.6596114349668,4.61639840621501,-0.030704448930919,0,0,0,1,,1.92553460193146,15.1769000300406
1576825209.50888,14.839722767123,4.67440727073699,-0.033937253057957,0,0,0,1,,1.89222409704083,15.3692986719991
1576825209.60888,15.0180985942134,4.73142305761576,-0.026650176383555,0,0,0,1,,1.87266482968979,15.5585171252851
1576825209.70888,15.1938645920018,4.79083948163316,-0.019881829619408,0,0,0,1,,1.85537051344387,15.7457819601204
1576825209.80888,15.3711844498757,4.85015717893839,-0.036886309273541,0,0,0,1,,1.86978397709558,15.931279426928
1576825209.90888,15.5471568973735,4.91550760902464,-0.026699100621045,0,0,0,1,,1.87715159192893,16.1182299292605
1576825210.88759,15.7189213626552,4.97439331142232,-0.038548882119358,0,0,0,1,,1.8157796529422,16.3057138036312
1576825210.10888,15.8945037337253,5.04257026314735,-0.029767516069114,0,0,0,1,,1.88354096788735,16.4872398424376
1576825210.20888,16.0696930007543,5.10412217862904,-0.040467110462487,0,0,0,1,,1.85687688287728,16.6752140556032
1576825210.30888,16.2346817395883,5.16915149847045,-0.018652342259884,0,0,0,1,,1.77341750248067,16.8608154118615
1576825210.40888,16.4052400359651,5.22608503233641,-0.025925065390766,0,0,0,1,,1.79809787668625,17.0377527391338
1576825210.50888,16.5750368894078,5.29476588219404,-0.026007561013103,0,0,0,1,,1.83161214715888,17.2175452780831
1576825210.60888,16.7450851963367,5.35226041870192,-0.014951968565583,0,0,0,1,,1.79505009450031,17.4001837241012
1576825210.70888,16.9062452608487,5.42162277037278,-0.059158617630601,0,0,0,1,,1.75452849001672,17.5796635298341
1576825210.80888,17.0720809387858,5.48063833126798,-0.048410919494927,0,0,0,1,,1.76023602123827,17.7542986987431
1576825210.90888,17.2368132432457,5.54025275493041,-0.041062845848501,0,0,0,1,,1.75187361534075,17.930235472481
1576825211.88759,17.4064212663216,5.59633222129196,-0.062667104415596,0,0,0,1,,1.78638708120882,18.1053067185023
1576825211.10888,17.576436627598,5.66776627069339,-0.070111183449626,0,0,0,1,,1.84412706947894,18.2839392810117
1576825211.20888,17.7366527598351,5.72604471538216,-0.053156606853008,0,0,0,1,,1.7048632245538,18.4676663123195
1576825211.30888,17.8987378081074,5.79574643494561,-0.06028822530061,0,0,0,1,,1.76436653174809,18.6380374290193
1576825211.40888,18.0627811207669,5.86035417765379,-0.069661721587181,0,0,0,1,,1.76307597244547,18.8137048946123
1576825211.50888,18.216356386547,5.92464271048084,-0.033753184601665,0,0,0,1,,1.66488371102847,18.989676482349
1576825211.60888,18.3750125736697,5.98886181460694,-0.061997444368899,0,0,0,1,,1.71160389830906,19.1556005191313
1576825211.70888,18.5270391097292,6.04383465228602,-0.041731315664947,0,0,0,1,,1.61660386454944,19.3263434957825
1576825211.80888,18.6851041956106,6.10982239199802,-0.055966334417462,0,0,0,1,,1.71286173309435,19.4879222976081
1576825211.90888,18.8412922134739,6.1739071062766,-0.049091683700681,0,0,0,1,,1.68824013482197,19.6586634454783
1576825212.88759,18.9951857798151,6.23569963220507,-0.030378467403352,0,0,0,1,,1.65835900883421,19.8270376312359
1576825212.10888,19.1492664464749,6.30795806087554,-0.045539928600192,0,0,0,1,,1.70182644098256,19.9925244207121
1576825212.20888,19.3044237236027,6.36817362299189,-0.057711672969163,0,0,0,1,,1.6643225218292,20.1614667208479
1576825212.30888,19.4582933384809,6.43947465112433,-0.047631683759391,0,0,0,1,,1.6958683615042,20.3276759761898
1576825212.40888,19.6062978745904,6.50608404446393,-0.050697801634669,0,0,0,1,,1.62302661685087,20.4961463067778
1576825212.50888,19.759206044022,6.56634489540011,-0.044726870022714,0,0,0,1,,1.64354125091146,20.6575905163404
1576825212.60888,19.9106059329351,6.62620881944895,-0.051254967227578,0,0,0,1,,1.62805453733708,20.8216980281499
1576825212.70888,20.053427115432,6.68169253040105,-0.054117390885949,0,0,0,1,,1.53219882361311,20.9842529515724
1576825212.80888,20.1880898903473,6.7373902592808,-0.049560753628612,0,0,0,1,,1.45726799011925,21.1372882400927
1576825212.90888,20.3215711466037,6.80631708167493,-0.035293991677463,0,0,0,1,,1.50227003621601,21.2826549313425
1576825213.88759,20.4550308379112,6.85969349136576,-0.051395126618445,0,0,0,1,,1.43737713615382,21.4311037065937
1576825213.10888,20.5714114392176,6.91718950727955,-0.041204036213458,0,0,0,1,,1.29808459687378,21.574607328417
1576825213.20888,20.6946358726709,6.96984601207078,-0.047027856111527,0,0,0,1,,1.34003613744972,21.703236608423
1576825213.30888,20.808643972734,7.01468917028978,-0.058412343263626,0,0,0,1,,1.22510226997778,21.8368199913453
1576825213.40888,20.9116888381541,7.07447897456586,-0.045855620875955,0,0,0,1,,1.19134650647139,21.9591786763481
1576825213.50888,21.0128358905204,7.10965599492192,-0.063145787455142,0,0,0,1,,1.07089443753896,22.0759367372112
1576825213.60888,21.1089221313014,7.15518498094752,-0.060971553437412,0,0,0,1,,1.06327109600259,22.183022348816
1576825213.70888,21.2006020015688,7.1951445187442,-0.060994982719421,0,0,0,1,,1.00009815884091,22.2886353475694
1576825213.80888,21.2933559348457,7.2442924277857,-0.041466927155852,0,0,0,1,,1.04970515391239,22.3882922500698
1576825213.90888,21.3804828245193,7.28199824923649,-0.057504607364535,0,0,0,1,,0.949358935043176,22.4919269905294
1576825214.88759,21.4691017565201,7.32161365589127,-0.0559815261513,0,0,0,1,,0.970705699653081,22.5865567165836
1576825214.10888,21.5513638596749,7.36261234991252,-0.043125773780048,0,0,0,1,,0.919127114543884,22.68321751335
1576825214.20888,21.6327639341471,7.40665993513539,-0.068922064267099,0,0,0,1,,0.925535622655483,22.7743132679601
1576825214.30888,21.7076231846586,7.44435624824837,-0.050338984467089,0,0,0,1,,0.838147923069444,22.865587392964
1576825214.40888,21.7891338446643,7.48358777537942,-0.056852493435145,0,0,0,1,,0.904604909095967,22.9486240170944
1576825214.50888,21.8685592996189,7.52610598318279,-0.0544154625386,0,0,0,1,,0.900899599819991,23.0384556707368
1576825214.60888,21.9451944993343,7.56026019295678,-0.053180182352662,0,0,0,1,,0.839015129822001,23.1273897600021
1576825214.70888,22.0180371432216,7.59917726414278,-0.052482278086245,0,0,0,1,,0.825868585077784,23.2109692989935
1576825214.80888,22.0855638088542,7.6239840532653,-0.018687373027206,0,0,0,1,,0.719390530798705,23.2925192869331
1576825214.90888,22.1558403352974,7.66282438347116,-0.001960029825568,0,0,0,1,,0.802954632555362,23.3644443888446
1576825215.88759,22.2266531775822,7.69032545713708,-0.007211696356535,0,0,0,1,,0.759655690772463,23.443552173148
1576825215.10888,22.298589644779,7.7208729791455,-0.009877542033792,0,0,0,1,,0.781537357623394,23.5194646434228
1576825215.20888,22.3687601908459,7.74783535441384,-0.014618894085288,0,0,0,1,,0.751723035129589,23.597435871432
1576825215.30888,22.4346280388418,7.77447332814336,-0.018915202468634,0,0,0,1,,0.710503697669275,23.6725660872386
1576825215.40888,22.5057301062625,7.8088695500046,-0.001648028381169,0,0,0,1,,0.789848344293271,23.7435248177518
1576825215.50888,22.5735623608343,7.84238480590284,-0.00877910386771,0,0,0,1,,0.75660340590188,23.8219716074241
1576825215.60888,22.6504291096935,7.87997649936006,-0.028515987098217,0,0,0,1,,0.855665384198827,23.8970441080551
1576825215.70888,22.7203977470635,7.90834838338196,-0.02362693566829,0,0,0,1,,0.755021457865476,23.9819925878505
1576825215.80888,22.794905035058,7.94214812200516,-0.028262726962566,0,0,0,1,,0.818153915549578,24.057399026863
1576825215.90888,22.8686931991833,7.97373386891559,-0.013344636186957,0,0,0,1,,0.802642670985631,24.1388776116286
1576825216.88759,22.9514694240643,8.01109190843999,-0.008411722257733,0,0,0,1,,0.908158935575006,24.2189504407327
1576825216.10888,23.0331194725586,8.04672149010003,-0.019195825792849,0,0,0,1,,0.890853383469851,24.3094126274007
1576825216.20888,23.1135716149583,8.08235860988498,-0.034652061760426,0,0,0,1,,0.879917696337238,24.3982441863425
1576825216.30888,23.1895027314313,8.1213481365703,-0.006421604193747,0,0,0,1,,0.853564153416282,24.4859493076864
1576825216.40888,23.2732413980411,8.15525892237201,-0.024714984931052,0,0,0,1,,0.903443727040411,24.5704971965655
1576825216.50888,23.3593164822087,8.19197619939223,-0.022267176769674,0,0,0,1,,0.935792634413595,24.6607382951611
1576825216.60888,23.4451804152923,8.22334302403033,-0.027742303907871,0,0,0,1,,0.91413853941626,24.7541136090023
1576825216.70888,23.5311083811102,8.26346286432818,-0.016145778819919,0,0,0,1,,0.948325729648854,24.8455198214179
1576825216.80888,23.6213777335943,8.30045141652226,-0.032480387948454,0,0,0,1,,0.975536211080854,24.939885327597
1576825216.90888,23.7083176861634,8.33755293767899,-0.019554970785976,0,0,0,1,,0.945255427112598,25.0373117516875
1576825217.88759,23.8053497264045,8.37509007472545,-0.071762471459806,0,0,0,1,,1.04039672678311,25.1316357704119
1576825217.10888,23.9006415547337,8.41989528713748,-0.075821666046977,0,0,0,1,,1.05299760710126,25.2356257968015
1576825217.20888,23.9926956236595,8.46111014531925,-0.065378560684621,0,0,0,1,,1.00859387965315,25.3403887770931
1576825217.30888,24.0862530306913,8.49315482750535,-0.073822835460305,0,0,0,1,,0.988931244673546,25.4409085565118
1576825217.40888,24.1808099028422,8.53864042600617,-0.049803538247943,0,0,0,1,,1.04928269507948,25.539797649599
1576825217.50888,24.2787825937849,8.56958871753886,-0.071072972379625,0,0,0,1,,1.02744561507383,25.6441016197101
1576825217.60888,24.3764547894243,8.62340999860317,-0.047471376135945,0,0,0,1,,1.11519451650538,25.7467888293674
1576825217.70888,24.4749371020589,8.66767999622971,-0.079771026037634,0,0,0,1,,1.07974990584446,25.856812411913
1576825217.80888,24.568250909273,8.70606902614236,-0.065603976137936,0,0,0,1,,1.00901854464787,25.9644222478911
1576825217.90888,24.6692029718542,8.75238768290728,-0.06312495842576,0,0,0,1,,1.11070864334012,26.0651988411551
1576825218.88759,24.7636082349345,8.79124835785479,-0.053695649839938,0,0,0,1,,1.02090674180503,26.1758259739487
1576825218.10888,24.8693979318486,8.83324827905744,-0.068634801544249,0,0,0,1,,1.1382202490825,26.2777917737165
1576825218.20888,24.9784564111032,8.87726565357298,-0.076523185707629,0,0,0,1,,1.17606467324576,26.391537064978
1576825218.30888,25.0869246929651,8.92139791185036,-0.067728260532022,0,0,0,1,,1.17102623329824,26.5090386503451
1576825218.40888,25.2053249356686,8.96896262187511,-0.09075229242444,0,0,0,1,,1.2759709680077,26.6260235719131
1576825218.50888,25.3283569168998,9.01899122586474,-0.079287316650152,0,0,0,1,,1.32814643856851,26.7535174439779
1576825218.60888,25.4570850506425,9.07031423784792,-0.090137602761388,0,0,0,1,,1.3858204781249,26.8862021647181
1576825218.70888,25.6033604042605,9.1201940132305,-0.081708763726056,0,0,0,1,,1.54546016022014,27.0246883358338
1576825218.80888,25.7510206575971,9.18835798930377,-0.08283422421664,0,0,0,1,,1.62634184750811,27.1792200555759
1576825218.90888,25.9101809308049,9.26148222433403,-0.087545467540622,0,0,0,1,,1.75154635440661,27.341195794032
1576825219.88759,26.0798658569111,9.33089928934351,-0.087296698242426,0,0,0,1,,1.83334947738202,27.5156778738722
1576825219.10888,26.2569413486635,9.39505086373538,-0.091066760011017,0,0,0,1,,1.88337872655337,27.6988282182179
1576825219.20888,26.4404961052351,9.47353875171393,-0.093277546577156,0,0,0,1,,1.99631403389775,27.8871646052325
1576825219.30888,26.6368360545603,9.54920314671472,-0.102100667543709,0,0,0,1,,2.10415009853992,28.0864339276309
1576825219.40888,26.8326220585732,9.63110669888556,-0.099535280838609,0,0,0,1,,2.12227121795369,28.2967898485808
1576825219.50888,27.0437812068267,9.71730037592351,-0.103872206993401,0,0,0,1,,2.28073531678854,28.5087323952424
1576825219.60888,27.2595523369382,9.80183741031215,-0.110656401142478,0,0,0,1,,2.31740567818484,28.7365973726646
1576825219.70888,27.4780931656714,9.88548754667863,-0.103292217478156,0,0,0,1,,2.34003075060015,28.9682448593018
1576825219.80888,27.7029319881112,9.9730836362578,-0.101888936944306,0,0,0,1,,2.41299753389155,29.2021997126391
1576825219.90888,27.929046741745,10.0703188022599,-0.090524340048432,0,0,0,1,,2.46135245989467,29.443417565794
1576825220.88759,28.17091122485,10.1598679991439,-0.110835152678192,0,0,0,1,,2.5790984248422,29.6891052859752
1576825220.10888,28.4093207736732,10.2543558166362,-0.093625532463193,0,0,0,1,,2.5645089320292,29.9470058102376
1576825220.20888,28.6468420134042,10.3537177462131,-0.106662212871015,0,0,0,1,,2.5746675974304,30.2033329292587
1576825220.30888,28.8977486772346,10.4752321103588,-0.086335330270231,0,0,0,1,,2.78782880837814,30.4604830642784
1576825220.40888,29.1493952348828,10.5806939592585,-0.086599755100906,0,0,0,1,,2.72851959035544,30.7377677520426
1576825220.50888,29.4051809008815,10.6902427510358,-0.071199334226549,0,0,0,1,,2.78257515101168,31.0102938912049
1576825220.60888,29.6648280990776,10.8107070676051,-0.081002318300307,0,0,0,1,,2.86231233616375,31.288112021815
1576825220.70888,29.9290271197096,10.9288808098063,-0.083152581006289,0,0,0,1,,2.89423834279038,31.5733022259216
1576825220.80888,30.1985461622826,11.0517587587237,-0.087960333563387,0,0,0,1,,2.96208549234478,31.8620008801592
1576825220.90888,30.4705865031574,11.1826819260605,-0.085382615216076,0,0,0,1,,3.01905320934829,32.1573251682496
1576825221.88759,30.7518808811437,11.3187104533426,-0.089780313894153,0,0,0,1,,3.12458456952727,32.4578036365038
1576825221.10888,31.0286924447864,11.4680398181081,-0.076041793450713,0,0,0,1,,3.14521701870578,32.768756217694
1576825221.20888,31.311479695607,11.6135166147724,-0.091029942035675,0,0,0,1,,3.18012778979633,33.0801404486568
1576825221.30888,31.6029877190013,11.7600114909001,-0.091432494111359,0,0,0,1,,3.2624787575539,33.395845982547
1576825221.40888,31.8865906336578,11.9247046755627,-0.069471139460802,0,0,0,1,,3.27954963792255,33.7201231171158
1576825221.50888,32.1755543036852,12.0855689118616,-0.094043008983135,0,0,0,1,,3.30722398872178,34.0434023540224
1576825221.60888,32.4572308846982,12.2677567433566,-0.061577297747135,0,0,0,1,,3.35461029384967,34.370441816665
1576825221.70888,32.7468610652722,12.4477819344029,-0.059724736958742,0,0,0,1,,3.41020103381893,34.6982664151508
1576825221.80888,33.031592484971,12.6448834375478,-0.072466377168894,0,0,0,1,,3.4629609282475,35.032901460123
1576825221.90888,33.3181877976749,12.8498632349074,-0.060448870994151,0,0,0,1,,3.52354353725615,35.3691840341612
1576825222.88759,33.6031940268585,13.0569259691983,-0.061819425784052,0,0,0,1,,3.52283304466056,35.7102313528904
1576825222.10888,33.8920922098914,13.2746097613126,-0.044988488778472,0,0,0,1,,3.61729724392312,36.0507692646333
1576825222.20888,34.1725177760818,13.5006294301711,-0.047217723913491,0,0,0,1,,3.60171332679467,36.3990271666554
1576825222.30888,34.44679017819,13.747217730619,-0.036554588004947,0,0,0,1,,3.68823996610824,36.7427267111115
1576825222.40888,34.7177531152265,13.9955396647565,-0.022241804748774,0,0,0,1,,3.6753870030413,37.088641777683
1576825222.50888,34.9736265880056,14.245770720765,-0.015757129527629,0,0,0,1,,3.57892184132509,37.4325728728015
1576825222.60888,35.2142809700454,14.5216869311407,-0.004564470611513,0,0,0,1,,3.66120590438528,37.7636934124015
1576825222.70888,35.4395381388604,14.8075434826314,0.00088706985116,0,0,0,1,,3.63943347421987,38.0910091171573
1576825222.80888,35.6655155066401,15.0971689322032,0.019359229132533,0,0,0,1,,3.67353605927979,38.4086475612688
1576825222.90888,35.8801832551835,15.3959094528109,0.043802695348859,0,0,0,1,,3.67869733625439,38.7292332240372
1576825223.88759,36.0803520827321,15.7121686078608,0.036720689386129,0,0,0,1,,3.74282530550227,39.0438417462306
1576825223.10888,36.2563323713839,16.0536235845648,0.030576288700104,0,0,0,1,,3.84136125754752,39.3530691150736
1576825223.20888,36.4007107287762,16.3790312698111,0.056373100727797,0,0,0,1,,3.55998977106198,39.6514875788936
1576825223.30888,36.5422647876549,16.7218590560369,0.055706855840981,0,0,0,1,,3.70902200847511,39.9159668165196
1576825223.40888,36.6620829099556,17.0726587548852,0.053906112909317,0,0,0,1,,3.70697735552465,40.1865361296672
1576825223.50888,36.7714874732192,17.4180718571879,0.062671045772731,0,0,0,1,,3.62325226426836,40.4423540395118
1576825223.60888,36.8622475570301,17.7780460990034,0.070460058748722,0,0,0,1,,3.7123960939535,40.6882233356935
1576825223.70888,36.9461320441333,18.1498404098675,0.067163709551096,0,0,0,1,,3.81139891335781,40.9253493333174
1576825223.80888,36.9895411760081,18.5257917544805,0.059551351703703,0,0,0,1,,3.78449159394541,41.163495720434
1576825223.90888,37.030581414816,18.9062459515408,0.048797813244164,0,0,0,1,,3.82661334945429,41.3694466550131
1576825224.88759,37.0448805318447,19.2857821108773,0.048858425579965,0,0,0,1,,3.79805425174197,41.5777596305942
1576825224.10888,37.0490496607963,19.6723531507887,0.032133012078703,0,0,0,1,,3.86593521071377,41.7643935098653
1576825224.20888,37.0348396820482,20.0514417365193,0.041939523071051,0,0,0,1,,3.79354819828723,41.9479863552173
1576825224.30888,36.9978880115086,20.4469302347861,0.036383810453117,0,0,0,1,,3.9721099961731,42.1146015769833
1576825224.40888,36.9511034571333,20.8332646084018,0.041192735545337,0,0,0,1,,3.89156835691112,42.2719844972808
1576825224.50888,36.8900302698603,21.2217579651624,0.030257222242653,0,0,0,1,,3.93264570551171,42.4194408372323
1576825224.60888,36.8118822071119,21.5999516919255,0.043673447333276,0,0,0,1,,3.86183395130221,42.5586341938172
1576825224.70888,36.7340854177019,21.985141756013,0.008769755251706,0,0,0,1,,3.92967843359041,42.6810565089924
1576825224.80888,36.6322760105832,22.3731981874444,0.000800913199782,0,0,0,1,,4.01189418296487,42.8105067653608
1576825224.90888,36.5118143446744,22.7473356230184,-0.001722502522171,0,0,0,1,,3.93051947777235,42.9241615276316
1576825225.88759,36.3910587896826,23.1284113358706,0.001084187068045,0,0,0,1,,3.99750676030905,43.0180643995777
1576825225.10888,36.254455064889,23.5033407416195,0.000385825522244,0,0,0,1,,3.99039643297066,43.1188192180092
1576825225.20888,36.1129714894923,23.8893436836079,0.014036501757801,0,0,0,1,,4.11115401475964,43.2063946432554
1576825225.30888,35.9713151483447,24.2726817801595,-0.006781911477447,0,0,0,1,,4.08674216528437,43.2995086742843
1576825225.40888,35.8257552552968,24.6477148164995,-0.004674839787185,0,0,0,1,,4.02290269346072,43.3946839405753
1576825225.50888,35.6746375679504,25.0236548501998,0.002381900325418,0,0,0,1,,4.05175843761109,43.4855675516362
1576825225.60888,35.5269535761909,25.4089528713375,0.001494132913649,0,0,0,1,,4.12631950428797,43.5759459755786
1576825225.70888,35.3709010623861,25.7763804160058,0.00287929456681,0,0,0,1,,3.99193421345803,43.6781331609156
1576825225.80888,35.2275453777984,26.1494438978843,-0.024285204708576,0,0,0,1,,3.99658871808095,43.7666817261231
1576825225.90888,35.0721673757653,26.5219148201868,-0.018407401628792,0,0,0,1,,4.03580117791555,43.8722391668518
1576825226.88759,34.921383623383,26.8879985674284,-0.023285777308047,0,0,0,1,,3.95920509669498,43.9712279810666
1576825226.10888,34.7670969432802,27.2513500959612,-0.024457665160298,0,0,0,1,,3.94751457178156,44.0734330536381
1576825226.20888,34.6101882673101,27.6157972617075,-0.019469293765724,0,0,0,1,,3.96789704018559,44.1745074892306
1576825226.30888,34.4614406212931,27.9842860195786,-0.033205970190466,0,0,0,1,,3.97378694538322,44.2775043368343
1576825226.40888,34.307465161779,28.3427257207222,-0.038376705721021,0,0,0,1,,3.9011211399873,44.3926925711935
1576825226.50888,34.147737146588,28.7069623996504,-0.024517491459847,0,0,0,1,,3.97720249815655,44.5006996249134
1576825226.60888,33.9989145536092,29.0663430239074,-0.032628329470754,0,0,0,1,,3.88976345389169,44.6111829303753
1576825226.70888,33.8472034794395,29.4283333709464,-0.035402765497565,0,0,0,1,,3.9249619281608,44.7300624592351
1576825226.80888,33.6930998812895,29.7819008124061,-0.039038420654833,0,0,0,1,,3.85691398171066,44.8515327315593
1576825226.90888,33.539575043309,30.1440995996818,-0.046617643907666,0,0,0,1,,3.93392726649762,44.9687290860054
1576825227.88759,33.388768253033,30.5080418474972,-0.054389589466155,0,0,0,1,,3.93950057416272,45.0951198552714
1576825227.10888,33.2326932096039,30.879453998059,-0.064119064249098,0,0,0,1,,4.02872690519426,45.2277620806446
1576825227.20888,33.0735471344669,31.2488613934256,-0.070703930221498,0,0,0,1,,4.02230402857636,45.3646622072941
1576825227.30888,32.9101925701252,31.6317329420708,-0.066807083785534,0,0,0,1,,4.16263542065895,45.5011083210215
1576825227.40888,32.7460687865969,32.0192366763949,-0.071635643951595,0,0,0,1,,4.20827471102831,45.6469857046576
1576825227.50888,32.5781898786081,32.4139536018483,-0.076017236337066,0,0,0,1,,4.28934469338709,45.7988704917002
1576825227.60888,32.4029095561709,32.8141486854292,-0.073608516715467,0,0,0,1,,4.36897352196163,45.9565321131765
1576825227.70888,32.2243371196673,33.2184354164638,-0.076676515862346,0,0,0,1,,4.41968184340693,46.1163409395721
1576825227.80888,32.0480084515875,33.6297873537988,-0.07221747096628,0,0,0,1,,4.4755135519407,46.2803668343256
1576825227.90888,31.8674834824633,34.0479085980914,-0.078005768358708,0,0,0,1,,4.5542797389508,46.4546816066449
1576825228.88759,31.6848741624854,34.465303641744,-0.077412412501872,0,0,0,1,,4.55592785509691,46.6347143596812
1576825228.10888,31.4960185532691,34.8917078366503,-0.076423291116953,0,0,0,1,,4.66354992003069,46.8165398743878
1576825228.20888,31.3067779918783,35.3203332056291,-0.083905586972833,0,0,0,1,,4.68542097369841,47.0045791435902
1576825228.30888,31.11301319825,35.7551427320577,-0.085487055592239,0,0,0,1,,4.76029536397571,47.1978843380657
1576825228.40888,30.9180476831971,36.1989127588458,-0.076162671670318,0,0,0,1,,4.84709592163568,47.3967279679125
1576825228.50888,30.715075413289,36.6443467698991,-0.078057975508273,0,0,0,1,,4.89498928042397,47.6055349456655
1576825228.60888,30.5112224970362,37.0944649218582,-0.068594477139413,0,0,0,1,,4.94127880399168,47.8144748777674
1576825228.70888,30.3048795468057,37.553814668674,-0.074371055699885,0,0,0,1,,5.03566880374014,48.0305530480611
1576825228.80888,30.0978901616763,38.0178177901544,-0.044082406908274,0,0,0,1,,5.08078244269281,48.2563438370078
1576825228.90888,29.8911455219495,38.4819266898558,-0.044464250095189,0,0,0,1,,5.08075207855886,48.4895603373521
1576825229.88759,29.6823960501934,38.9562429701909,-0.042789679951966,0,0,0,1,,5.18220296543349,48.7271922275211
1576825229.10888,29.4716655242955,39.4339614943601,-0.037959917448461,0,0,0,1,,5.22132495521545,48.9758461043103
1576825229.20888,29.2576132594841,39.9194077099674,-0.042300482280552,0,0,0,1,,5.30543495218164,49.2302385522823
1576825229.30888,29.0477036983939,40.409824217204,-0.034825682640076,0,0,0,1,,5.33451379609493,49.4931009894929
1576825229.40888,28.8321788678877,40.905153659638,-0.032953578978777,0,0,0,1,,5.40187198206983,49.766685477486
1576825229.50888,28.6250107613159,41.4037791183218,-0.030570274218917,0,0,0,1,,5.39949972153146,50.0452408745174
1576825229.60888,28.4179481588071,41.9038542895578,-0.036407692357898,0,0,0,1,,5.41248647337219,50.3355159540879
1576825229.70888,28.1973485219059,42.4047898822464,-0.027349431999028,0,0,0,1,,5.47357897379075,50.6311443864065
1576825229.80888,27.9903888583649,42.915032688994,-0.029947959817946,0,0,0,1,,5.50617856748803,50.9240284013677
1576825229.90888,27.7784001656109,43.4275315823034,-0.038114463910461,0,0,0,1,,5.54611865631162,51.2363337792615
1576825230.88759,27.5681043976219,43.9511369103566,-0.033660149201751,0,0,0,1,,5.64257786476907,51.5518187370026
1576825230.10888,27.3610317691928,44.4748306050897,-0.022458480671048,0,0,0,1,,5.63146658826766,51.8816231028973
1576825230.20888,27.1490927654086,45.0030059623532,-0.018170682713389,0,0,0,1,,5.69111016714229,52.2172061376918
1576825230.30888,26.9396495111287,45.5403365092352,-0.02351776137948,0,0,0,1,,5.76706678802899,52.5580039920882
1576825230.40888,26.7345598181128,46.0694739329629,-0.011242524720728,0,0,0,1,,5.67492903365764,52.9118792442381
1576825230.50888,26.5272004000144,46.6048540524207,-0.022676859050989,0,0,0,1,,5.74133957003751,53.2647455370641
1576825230.60888,26.3236400654423,47.1420650887303,-0.018104486167431,0,0,0,1,,5.74484557968227,53.6255982000197
1576825230.70888,26.1172848385759,47.698373880703,-0.026592931710184,0,0,0,1,,5.93348086439319,53.9935952417048
1576825230.80888,25.9097333775717,48.2447089101188,-0.024373503401876,0,0,0,1,,5.84430982522078,54.3805796052473
1576825230.90888,25.7137442058302,48.8045566594228,-0.027848056517542,0,0,0,1,,5.93162083954053,54.7619048382993
1576825231.88759,25.5123573270394,49.3618853790685,-0.025035939179361,0,0,0,1,,5.92597651607774,55.1641313881192
1576825231.10888,25.3087366120308,49.9250807929784,-0.024576024152339,0,0,0,1,,5.98874335591128,55.5650619054711
1576825231.20888,25.1123733522836,50.4961885977537,-0.029430652968586,0,0,0,1,,6.03922722253204,55.9736173664216
1576825231.30888,24.9086575639667,51.0682456204668,-0.031749363057315,0,0,0,1,,6.07247362814352,56.3958895513174
1576825231.40888,24.7088227905333,51.6391271338798,-0.035347272641957,0,0,0,1,,6.04846789716157,56.8190719071623
1576825231.50888,24.5064602757338,52.2143860738725,-0.028193915262818,0,0,0,1,,6.09814263064922,57.2461821857404
1576825231.60888,24.3045152070699,52.8039071615785,-0.017070126719773,0,0,0,1,,6.23150803263418,57.6793611989378
1576825231.70888,24.0988172740326,53.3809272563085,-0.041568818502128,0,0,0,1,,6.12587813605513,58.1288402686592
1576825231.80888,23.8812146324781,53.9603075017221,-0.028847559355199,0,0,0,1,,6.18896096600297,58.5685614365806
1576825231.90888,23.6675441219704,54.5472510643303,-0.045256697572768,0,0,0,1,,6.24626154389819,59.0087044257277
1576825232.88759,23.4616583926836,55.1313243866898,-0.055885485373438,0,0,0,1,,6.19298457462964,59.4605351762033
1576825232.10888,23.2485104724765,55.7233608313836,-0.046648033894599,0,0,0,1,,6.29236988529999,59.9158772210288
1576825232.20888,23.0373570920783,56.3192630028352,-0.060191370546818,0,0,0,1,,6.32206570666817,60.3786897964292
1576825232.30888,22.8156658353982,56.9031287366524,-0.067472299560905,0,0,0,1,,6.24536795084409,60.8488225602637
1576825232.40888,22.5930729883257,57.4991532131098,-0.063806677237153,0,0,0,1,,6.36233252906624,61.3067750540884
1576825232.50888,22.3706759116612,58.0942800687626,-0.060829542577267,0,0,0,1,,6.35323881203977,61.7786335821738
1576825232.60888,22.1525197849842,58.6906260889955,-0.067319747060537,0,0,0,1,,6.34996591687189,62.2526506861548
1576825232.70888,21.9261089484207,59.2894144193269,-0.076231488026679,0,0,0,1,,6.40163519309295,62.7321586073873
1576825232.80888,21.6924045220949,59.8882838860154,-0.085941455326974,0,0,0,1,,6.42854880214861,63.2138348449507
1576825232.90888,21.4669416539837,60.4905531541444,-0.074542001821101,0,0,0,1,,6.43087689378051,63.6958943791684
1576825233.88759,21.2394221166614,61.0851099840365,-0.091690571047366,0,0,0,1,,6.36602673442909,64.1867323118253
1576825233.10888,21.0110618530889,61.6877067224123,-0.093095859512687,0,0,0,1,,6.44415424303284,64.672279329026
1576825233.20888,20.7795615329524,62.277911379002,-0.084405401721597,0,0,0,1,,6.33982598249803,65.1677671925675
1576825233.30888,20.5514935349347,62.8725853469223,-0.09885317273438,0,0,0,1,,6.36908266426017,65.6530914979073
1576825233.40888,20.3232743893168,63.459880550392,-0.107632482424378,0,0,0,1,,6.30079069994449,66.1462461120999
1576825233.50888,20.0861301725963,64.0549492896534,-0.11267287004739,0,0,0,1,,6.40581129889271,66.6347651108149
1576825233.60888,19.8519972696085,64.6453046896495,-0.122911554761231,0,0,0,1,,6.35088745425368,67.1303891975204
1576825233.70888,19.6246953701484,65.2455721716397,-0.118361249566078,0,0,0,1,,6.41862293200805,67.6248269055838
1576825233.80888,19.3869914443931,65.8306099590845,-0.105191121809185,0,0,0,1,,6.31484258757027,68.1330562676867
1576825233.90888,19.1519792948384,66.4198476816527,-0.123794594779611,0,0,0,1,,6.34375128875388,68.6259764582632
1576825234.88759,18.9151483847527,67.0026098429225,-0.122318536043167,0,0,0,1,,6.29047388183012,69.1259320151553
1576825234.10888,18.6764183127671,67.5866189603694,-0.112479995936155,0,0,0,1,,6.30918930236935,69.6213513527288
1576825234.20888,18.4477551062591,68.1634390410036,-0.117560943588614,0,0,0,1,,6.20490344351398,70.1196096929213
1576825234.30888,18.2136177789653,68.7393211955205,-0.12738979794085,0,0,0,1,,6.21659508029366,70.6156787856431
1576825234.40888,17.9689461665694,69.3133116550744,-0.123139685019851,0,0,0,1,,6.23962535390793,71.1113925543521
1576825234.50888,17.7321374672465,69.8857405288145,-0.136390720494092,0,0,0,1,,6.19478147771484,71.6045962137246
1576825234.60888,17.4931825072272,70.4536763834767,-0.135899366810918,0,0,0,1,,6.16157940733326,72.1002456890274
1576825234.70888,17.2514002830721,71.0264587760903,-0.11008136626333,0,0,0,1,,6.2172205462369,72.5929194217922
1576825234.80888,17.0198885746649,71.5945235616528,-0.11071571521461,0,0,0,1,,6.13429108965117,73.0915087954711
1576825234.90888,16.7836218016455,72.1565938289277,-0.133386962115765,0,0,0,1,,6.09708925133628,73.5897575149834
1576825235.88759,16.5449857346248,72.7222141325474,-0.111104427836835,0,0,0,1,,6.13900236479744,74.0828184788722
1576825235.10888,16.3036181009957,73.2876867814921,-0.119888030923903,0,0,0,1,,6.14831400684988,74.5805402320137
1576825235.20888,16.0654607253382,73.8427995746024,-0.121874446049333,0,0,0,1,,6.04043995628462,75.079244781532
1576825235.30888,15.8262172777904,74.4041467690841,-0.132460837252438,0,0,0,1,,6.10203326725573,75.5702195135907
1576825235.40888,15.5883861524053,74.9612879375927,-0.112496297806501,0,0,0,1,,6.05780427093147,76.0686940190196
1576825235.50888,15.3529889831552,75.5193831045181,-0.130786815658212,0,0,0,1,,6.05707885565616,76.5649559008505
1576825235.60888,15.1110472530709,76.0722941206768,-0.119347822852433,0,0,0,1,,6.03528286450541,77.0642037213378
1576825235.70888,14.8695428966894,76.6277072574012,-0.117643284611404,0,0,0,1,,6.05646849737743,77.5586080449314
1576825235.80888,14.636065271392,77.176535084378,-0.137032594531775,0,0,0,1,,5.9642584214514,78.0570869651338
1576825235.90888,14.3942160346778,77.7247248892672,-0.1066749766469,0,0,0,1,,5.99168687002064,78.5520971983477
1576825236.88759,14.1523991859867,78.2764783240855,-0.101616475731134,0,0,0,1,,6.0241782937144,79.046355478069
1576825236.10888,13.9130117095774,78.8210022780113,-0.102599713951349,0,0,0,1,,5.94821570103711,79.545568459472
1576825236.20888,13.6780937404837,79.3695519715548,-0.109872903674841,0,0,0,1,,5.96735467765855,80.0395045895531
1576825236.30888,13.4357430643868,79.9234957611188,-0.099677830934525,0,0,0,1,,6.04638381349755,80.5395308437962
1576825236.40888,13.19610350742,80.4662114223465,-0.094240434467793,0,0,0,1,,5.9326840991665,81.0449527507407
1576825236.50888,12.9507185298135,81.0086694047786,-0.094313432462514,0,0,0,1,,5.95377569227536,81.5410836845103
1576825236.60888,12.7123205476673,81.5570349497721,-0.087197981774807,0,0,0,1,,5.97945121919465,82.0373428943866
1576825236.70888,12.4773522986798,82.1006103646942,-0.097500588744879,0,0,0,1,,5.92186043182395,82.5418260247796
1576825236.80888,12.2366210250766,82.6410773708485,-0.101880039088428,0,0,0,1,,5.91655415619632,83.0433293085043
1576825236.90888,11.9971672486863,83.1869404925965,-0.06684042327106,0,0,0,1,,5.96074373473655,83.5421005429353
1576825237.88759,11.7541943701217,83.721791322343,-0.071926780976355,0,0,0,1,,5.87453172430415,84.0476001472483
1576825237.10888,11.5163084554952,84.2573429550976,-0.088391783647239,0,0,0,1,,5.86007900734908,84.5428851383282
1576825237.20888,11.2789926005644,84.8000837499276,-0.073650647886098,0,0,0,1,,5.9235663698,85.0407267272278
1576825237.30888,11.0393723034067,85.3400245476514,-0.069636876694858,0,0,0,1,,5.9072324472343,85.546887015708
1576825237.40888,10.8087774089072,85.8797266422771,-0.076071090996265,0,0,0,1,,5.86900635808644,86.0510751277808
1576825237.50888,10.582974452409,86.4236098458059,-0.079068812541664,0,0,0,1,,5.88893805574582,86.5572476296904
1576825237.60888,10.3567095656181,86.9610491753556,-0.076056824065745,0,0,0,1,,5.8312677175833,87.0691661097109
1576825237.70888,10.1280032896902,87.4953479245305,-0.070502132177353,0,0,0,1,,5.81189912179028,87.575598808716
1576825237.80888,9.90168848680333,88.0335325165652,-0.079124755226076,0,0,0,1,,5.83833062706512,88.0795796939939
1576825237.90888,9.68154762568884,88.5684870914556,-0.067955053411424,0,0,0,1,,5.78479382457521,88.5886351753702
1576825238.88759,9.4638453606749,89.0949374726042,-0.071878289803863,0,0,0,1,,5.69687879460071,89.0960676466578
1576825238.10888,9.25681185896974,89.6305281273089,-0.066670139320195,0,0,0,1,,5.74212695989326,89.5961620397773
1576825238.20888,9.03985871869372,90.1570495483466,-0.05834074318409,0,0,0,1,,5.69467709257609,90.1072701737916
1576825238.30888,8.83056731487159,90.6831012256444,-0.071660337969661,0,0,0,1,,5.66156567480824,90.6091200096158
1576825238.40888,8.62873740610667,91.2119029620662,-0.052924362011254,0,0,0,1,,5.66009353734407,91.1120396380354
1576825238.50888,8.4235913681332,91.7319190963172,-0.054242729209364,0,0,0,1,,5.59018494128297,91.6191374723913
1576825238.60888,8.2264666785486,92.2477000565268,-0.051271889358759,0,0,0,1,,5.52166770241217,92.1178694533833
1576825238.70888,8.02782651275629,92.7589914356359,-0.043187353760004,0,0,0,1,,5.48522369477521,92.613783637924
1576825238.80888,7.8391439281404,93.2707123719156,-0.065444057807326,0,0,0,1,,5.45398418006802,93.1057274858818
1576825238.90888,7.65740327734966,93.7750508962199,-0.063159479759634,0,0,0,1,,5.36084891829029,93.5995617718945
1576825239.88759,7.47223311488051,94.2719574877992,-0.057865660637617,0,0,0,1,,5.30286856167312,94.0871723219515
1576825239.10888,7.29149727826007,94.7613246431574,-0.060937180183828,0,0,0,1,,5.21675814450184,94.5676278453919
1576825239.20888,7.12117744109128,95.2475728513673,-0.061137514188886,0,0,0,1,,5.15214680420238,95.0414361249068
1576825239.30888,6.95451189717278,95.7208385388367,-0.056349907070398,0,0,0,1,,5.01754735369296,95.5134090179176
1576825239.40888,6.79464017529972,96.1842760061845,-0.063467175699771,0,0,0,1,,4.9023795609523,95.9731429427314
1576825239.50888,6.63440556975547,96.6283984123729,-0.050393220037222,0,0,0,1,,4.72143876898232,96.4239704946113
1576825239.60888,6.48778166226111,97.0684527172707,-0.043429502286017,0,0,0,1,,4.63838723596885,96.85588633121
1576825239.70888,6.34521837392822,97.4857154213824,-0.043312156572938,0,0,0,1,,4.40944957361862,97.2850236358207
1576825239.80888,6.21302614884917,97.8938853978179,-0.062262883409858,0,0,0,1,,4.29042555039449,97.6919981750378
1576825239.90888,6.08678745588986,98.2887136279605,-0.055874888785184,0,0,0,1,,4.14518442192364,98.0908481572435
1576825240.88759,5.96962059516227,98.6685027289204,-0.054279547184706,0,0,0,1,,3.97451675629527,98.4770034483808
1576825240.10888,5.84425430494594,99.0301955072209,-0.05421556904912,0,0,0,1,,3.82803307975931,98.8489241257444
1576825240.20888,5.73435674112989,99.392515276093,-0.056207631714642,0,0,0,1,,3.78619980254956,99.2024945784091
1576825240.30888,5.62096423044568,99.7462840569206,-0.05943488702178,0,0,0,1,,3.71497256742846,99.5577969831742
1576825240.40888,5.51204237458296,100.099140823819,-0.068063823506236,0,0,0,1,,3.69285619311677,99.9045365438619
1576825240.50888,5.39897865679814,100.444151562173,-0.065332970581949,0,0,0,1,,3.63064476173351,100.250788549547
1576825240.60888,5.30000528215896,100.795134678483,-0.058424077928066,0,0,0,1,,3.6467091578874,100.589147295229
1576825240.70888,5.19806557090487,101.146434094291,-0.054546005092561,0,0,0,1,,3.65790902398815,100.934380816669
1576825240.80888,5.09189541975502,101.488341243006,-0.051255192607641,0,0,0,1,,3.58012010046686,101.279914176851
1576825240.90888,4.99252316256752,101.825733119156,-0.046381262131035,0,0,0,1,,3.51721656413851,101.615996807701
1576825241.88759,4.89635342161637,102.16088388348,-0.042822920717299,0,0,0,1,,3.48675571127975,101.948051539901
1576825241.10888,4.79948870057706,102.493402401917,-0.045034371316433,0,0,0,1,,3.46339918700358,102.278152470033
1576825241.20888,4.70590741059277,102.817424829584,-0.041888415813446,0,0,0,1,,3.37265461419185,102.605714400847
1576825241.30888,4.61948333116015,103.13468401134,-0.046504590660334,0,0,0,1,,3.28819874573583,102.925062123587
1576825241.40888,4.52605605591088,103.441975084133,-0.039458328858018,0,0,0,1,,3.21179792606811,103.238087314546
1576825241.50888,4.44353180238977,103.749411270488,-0.042964420281351,0,0,0,1,,3.18319432488013,103.540945488863
1576825241.60888,4.35085936053656,104.051512817852,-0.04157883208245,0,0,0,1,,3.15996086049901,103.844524717732
1576825241.70888,4.26274285028921,104.346341755707,-0.046659124083817,0,0,0,1,,3.07715163706042,104.142437540413
1576825241.80888,4.18153641733807,104.634482828435,-0.050132712349296,0,0,0,1,,2.99365600136939,104.433375960018
1576825241.90888,4.10762270988198,104.913766394835,-0.049776069819927,0,0,0,1,,2.88898851869002,104.718003435816
1576825242.88759,4.02872491593007,105.193367425818,-0.059418244287372,0,0,0,1,,2.90519531903223,104.994147186768
1576825242.10888,3.9455896965228,105.466173848603,-0.049544425681234,0,0,0,1,,2.85192582334453,105.270485772753
1576825242.20888,3.86165650875773,105.733854294755,-0.04926029779017,0,0,0,1,,2.80530927457828,105.539952171285
1576825242.30888,3.78640561638167,106.000788435806,-0.04475565534085,0,0,0,1,,2.77338299666746,105.804349319941
1576825242.40888,3.70850280363811,106.258747874759,-0.042877695523203,0,0,0,1,,2.69465991135408,106.068393107957
1576825242.50888,3.62233457918046,106.51425895188,-0.041992155835033,0,0,0,1,,2.69649538174412,106.323442819334
1576825242.60888,3.53842271323083,106.762479304802,-0.043014083988965,0,0,0,1,,2.62020122989991,106.575835290518
1576825242.70888,3.46118218032643,107.005006569903,-0.053554460406304,0,0,0,1,,2.54530104783379,106.821100081425
